video,koşul,yöntem,kare,ortalama_IoU,başarı_AUC,IoU_0.5_başarı,merkez_20px,FPS
david,Orijinal,İşlemsiz,470,0.17867753177861426,0.1787659574468085,0.18936170212765957,0.5063829787234042,306.67977236225715
david,Orijinal,CLAHE,470,0.6273442486499218,0.6274893617021278,0.8,0.8702127659574468,287.7334750308062
david,Orijinal,Gamma 0.7,470,0.4073885715586391,0.40731914893617016,0.33617021276595743,0.9212765957446809,362.05781944403657
david,Karanlık,İşlemsiz,470,0.08823047237237916,0.08828723404255319,0.08085106382978724,0.125531914893617,354.61814304142035
david,Karanlık,CLAHE,470,0.18507530152441024,0.18531914893617024,0.2,0.44893617021276594,244.1964123857707
david,Karanlık,Gamma 0.7,470,0.14284352608461012,0.1429468085106383,0.14042553191489363,0.46808510638297873,287.19700800893906
david,Bulanık,İşlemsiz,470,0.17112039083396977,0.1711489361702128,0.19361702127659575,0.5255319148936171,292.10294113012674
david,Bulanık,CLAHE,470,0.3574586911780879,0.3575744680851064,0.37872340425531914,0.6297872340425532,250.49028141675737
david,Bulanık,Gamma 0.7,470,0.17932785671263773,0.17955319148936172,0.17872340425531916,0.48936170212765956,275.34160660830975
dudek,Orijinal,İşlemsiz,1144,0.6960343332061935,0.695944055944056,0.8356643356643356,0.7613636363636364,302.41906437684554
dudek,Orijinal,CLAHE,1144,0.7272675475480126,0.7273951048951048,0.8802447552447552,0.833041958041958,210.8928634824739
dudek,Orijinal,Gamma 0.7,1144,0.7190169922460418,0.7189947552447551,0.8601398601398601,0.8111888111888111,280.3399160701138
dudek,Karanlık,İşlemsiz,1144,0.31989911780041363,0.32035839160839163,0.3181818181818182,0.2840909090909091,204.51989320538266
dudek,Karanlık,CLAHE,1144,0.6740722728997365,0.6741171328671328,0.8199300699300699,0.7543706293706294,182.27608238918302
dudek,Karanlık,Gamma 0.7,1144,0.6443862497897728,0.6444886363636364,0.7893356643356644,0.743006993006993,244.17291685450178
dudek,Bulanık,İşlemsiz,1144,0.6956640040987152,0.6956993006993007,0.833916083916084,0.7674825174825175,261.64518928111937
dudek,Bulanık,CLAHE,1144,0.6937549027447,0.6936582167832168,0.8321678321678322,0.791083916083916,182.40535195888677
dudek,Bulanık,Gamma 0.7,1144,0.6980138716574472,0.6981031468531469,0.8365384615384616,0.7954545454545454,254.58823514055734
faceocc2,Orijinal,İşlemsiz,811,0.49301743005550525,0.49297163995067816,0.5018495684340321,0.5992601726263872,342.6780929572767
faceocc2,Orijinal,CLAHE,811,0.5281585151330785,0.5280702836004934,0.5388409371146733,0.6806411837237978,262.3475780180586
faceocc2,Orijinal,Gamma 0.7,811,0.20466208920048137,0.20472872996300867,0.17016029593094945,0.6300863131935882,272.78338263637033
faceocc2,Karanlık,İşlemsiz,811,0.17334760261100113,0.17344019728729965,0.16152897657213316,0.48581997533908755,285.2977419513453
faceocc2,Karanlık,CLAHE,811,0.4382614617071743,0.43825524044389647,0.4623921085080148,0.5351418002466092,251.76558762774235
faceocc2,Karanlık,Gamma 0.7,811,0.1463633530925955,0.14620838471023428,0.10727496917385944,0.655980271270037,266.51465808652426
faceocc2,Bulanık,İşlemsiz,811,0.49732872927802557,0.4973736128236745,0.5240443896424167,0.5647348951911221,325.10829389937646
faceocc2,Bulanık,CLAHE,811,0.5488324652893328,0.5487607891491985,0.6017262638717632,0.686806411837238,249.70346557483043
faceocc2,Bulanık,Gamma 0.7,811,0.20060680685369653,0.20056103575832307,0.17262638717632553,0.5166461159062885,250.39754092349355
